File;Algorithm;Time
D:\Users\Beier\Documents\MasterThesis\Graphs\ComputerVision\BVZ-tsukuba\BVZ-tsukuba4.max;Dinic;3.17243
D:\Users\Beier\Documents\MasterThesis\Graphs\ComputerVision\BVZ-tsukuba\BVZ-tsukuba4.max;Dinic;3.27492
D:\Users\Beier\Documents\MasterThesis\Graphs\ComputerVision\BVZ-tsukuba\BVZ-tsukuba4.max;Dinic;3.21227
D:\Users\Beier\Documents\MasterThesis\Graphs\ComputerVision\KZ2-tsukuba\KZ2-tsukuba13.max;Dinic;0.141222
D:\Users\Beier\Documents\MasterThesis\Graphs\ComputerVision\KZ2-tsukuba\KZ2-tsukuba13.max;Dinic;0.140452
D:\Users\Beier\Documents\MasterThesis\Graphs\ComputerVision\KZ2-tsukuba\KZ2-tsukuba13.max;Dinic;0.141307
D:\Users\Beier\Documents\MasterThesis\Graphs\ComputerVision\BVZ-tsukuba\BVZ-tsukuba5.max;Dinic;1.67539
D:\Users\Beier\Documents\MasterThesis\Graphs\ComputerVision\BVZ-tsukuba\BVZ-tsukuba5.max;Dinic;1.68599
D:\Users\Beier\Documents\MasterThesis\Graphs\ComputerVision\BVZ-tsukuba\BVZ-tsukuba5.max;Dinic;1.68772
D:\Users\Beier\Documents\MasterThesis\Graphs\ComputerVision\BVZ-tsukuba\BVZ-tsukuba7.max;Dinic;1.13426
D:\Users\Beier\Documents\MasterThesis\Graphs\ComputerVision\BVZ-tsukuba\BVZ-tsukuba7.max;Dinic;1.1357
D:\Users\Beier\Documents\MasterThesis\Graphs\ComputerVision\BVZ-tsukuba\BVZ-tsukuba7.max;Dinic;1.13951
D:\Users\Beier\Documents\MasterThesis\Graphs\ComputerVision\BVZ-tsukuba\BVZ-tsukuba8.max;Dinic;1.56848
D:\Users\Beier\Documents\MasterThesis\Graphs\ComputerVision\BVZ-tsukuba\BVZ-tsukuba8.max;Dinic;1.57381
D:\Users\Beier\Documents\MasterThesis\Graphs\ComputerVision\BVZ-tsukuba\BVZ-tsukuba8.max;Dinic;1.57477
D:\Users\Beier\Documents\MasterThesis\Graphs\ComputerVision\BVZ-tsukuba\BVZ-tsukuba3.max;Dinic;0.794023
D:\Users\Beier\Documents\MasterThesis\Graphs\ComputerVision\BVZ-tsukuba\BVZ-tsukuba3.max;Dinic;0.795104
D:\Users\Beier\Documents\MasterThesis\Graphs\ComputerVision\BVZ-tsukuba\BVZ-tsukuba3.max;Dinic;0.794499
D:\Users\Beier\Documents\MasterThesis\Graphs\ComputerVision\BVZ-tsukuba\BVZ-tsukuba2.max;Dinic;2.58613
D:\Users\Beier\Documents\MasterThesis\Graphs\ComputerVision\BVZ-tsukuba\BVZ-tsukuba2.max;Dinic;2.57236
D:\Users\Beier\Documents\MasterThesis\Graphs\ComputerVision\BVZ-tsukuba\BVZ-tsukuba2.max;Dinic;2.58741
D:\Users\Beier\Documents\MasterThesis\Graphs\ComputerVision\BVZ-tsukuba\BVZ-tsukuba11.max;Dinic;2.391
D:\Users\Beier\Documents\MasterThesis\Graphs\ComputerVision\BVZ-tsukuba\BVZ-tsukuba11.max;Dinic;2.39518
D:\Users\Beier\Documents\MasterThesis\Graphs\ComputerVision\BVZ-tsukuba\BVZ-tsukuba11.max;Dinic;2.38997
D:\Users\Beier\Documents\MasterThesis\Graphs\ComputerVision\BVZ-tsukuba\BVZ-tsukuba6.max;Dinic;1.26008
D:\Users\Beier\Documents\MasterThesis\Graphs\ComputerVision\BVZ-tsukuba\BVZ-tsukuba6.max;Dinic;1.25637
D:\Users\Beier\Documents\MasterThesis\Graphs\ComputerVision\BVZ-tsukuba\BVZ-tsukuba6.max;Dinic;1.26177
D:\Users\Beier\Documents\MasterThesis\Graphs\ComputerVision\BVZ-tsukuba\BVZ-tsukuba12.max;Dinic;0.854869
D:\Users\Beier\Documents\MasterThesis\Graphs\ComputerVision\BVZ-tsukuba\BVZ-tsukuba12.max;Dinic;0.8572
D:\Users\Beier\Documents\MasterThesis\Graphs\ComputerVision\BVZ-tsukuba\BVZ-tsukuba12.max;Dinic;0.85676
D:\Users\Beier\Documents\MasterThesis\Graphs\ComputerVision\BVZ-tsukuba\BVZ-tsukuba10.max;Dinic;2.4216
D:\Users\Beier\Documents\MasterThesis\Graphs\ComputerVision\BVZ-tsukuba\BVZ-tsukuba10.max;Dinic;2.43408
D:\Users\Beier\Documents\MasterThesis\Graphs\ComputerVision\BVZ-tsukuba\BVZ-tsukuba10.max;Dinic;2.45583
D:\Users\Beier\Documents\MasterThesis\Graphs\ComputerVision\BVZ-tsukuba\BVZ-tsukuba0.max;Dinic;2.27946
D:\Users\Beier\Documents\MasterThesis\Graphs\ComputerVision\BVZ-tsukuba\BVZ-tsukuba0.max;Dinic;2.28595
D:\Users\Beier\Documents\MasterThesis\Graphs\ComputerVision\BVZ-tsukuba\BVZ-tsukuba0.max;Dinic;2.27958
D:\Users\Beier\Documents\MasterThesis\Graphs\ComputerVision\BVZ-tsukuba\BVZ-tsukuba14.max;Dinic;1.13028
D:\Users\Beier\Documents\MasterThesis\Graphs\ComputerVision\BVZ-tsukuba\BVZ-tsukuba14.max;Dinic;1.13081
D:\Users\Beier\Documents\MasterThesis\Graphs\ComputerVision\BVZ-tsukuba\BVZ-tsukuba14.max;Dinic;1.13117
D:\Users\Beier\Documents\MasterThesis\Graphs\ComputerVision\BVZ-tsukuba\BVZ-tsukuba9.max;Dinic;0.604321
D:\Users\Beier\Documents\MasterThesis\Graphs\ComputerVision\BVZ-tsukuba\BVZ-tsukuba9.max;Dinic;0.605374
D:\Users\Beier\Documents\MasterThesis\Graphs\ComputerVision\BVZ-tsukuba\BVZ-tsukuba9.max;Dinic;0.604277
D:\Users\Beier\Documents\MasterThesis\Graphs\ComputerVision\BVZ-tsukuba\BVZ-tsukuba15.max;Dinic;0.344235
D:\Users\Beier\Documents\MasterThesis\Graphs\ComputerVision\BVZ-tsukuba\BVZ-tsukuba15.max;Dinic;0.344245
D:\Users\Beier\Documents\MasterThesis\Graphs\ComputerVision\BVZ-tsukuba\BVZ-tsukuba15.max;Dinic;0.343315
D:\Users\Beier\Documents\MasterThesis\Graphs\ComputerVision\BVZ-tsukuba\BVZ-tsukuba1.max;Dinic;2.13026
D:\Users\Beier\Documents\MasterThesis\Graphs\ComputerVision\BVZ-tsukuba\BVZ-tsukuba1.max;Dinic;2.137
D:\Users\Beier\Documents\MasterThesis\Graphs\ComputerVision\BVZ-tsukuba\BVZ-tsukuba1.max;Dinic;2.12687
D:\Users\Beier\Documents\MasterThesis\Graphs\ComputerVision\BVZ-tsukuba\BVZ-tsukuba13.max;Dinic;0.00317823
D:\Users\Beier\Documents\MasterThesis\Graphs\ComputerVision\BVZ-tsukuba\BVZ-tsukuba13.max;Dinic;0.00320189
D:\Users\Beier\Documents\MasterThesis\Graphs\ComputerVision\BVZ-tsukuba\BVZ-tsukuba13.max;Dinic;0.00320022
D:\Users\Beier\Documents\MasterThesis\Graphs\ComputerVision\KZ2-sawtooth\KZ2-sawtooth17.max;Dinic;0.250646
D:\Users\Beier\Documents\MasterThesis\Graphs\ComputerVision\KZ2-sawtooth\KZ2-sawtooth17.max;Dinic;0.251573
D:\Users\Beier\Documents\MasterThesis\Graphs\ComputerVision\KZ2-sawtooth\KZ2-sawtooth17.max;Dinic;0.251167
D:\Users\Beier\Documents\MasterThesis\Graphs\ComputerVision\KZ2-venus\KZ2-venus19.max;Dinic;0.216325
D:\Users\Beier\Documents\MasterThesis\Graphs\ComputerVision\KZ2-venus\KZ2-venus19.max;Dinic;0.216209
D:\Users\Beier\Documents\MasterThesis\Graphs\ComputerVision\KZ2-venus\KZ2-venus19.max;Dinic;0.216728
D:\Users\Beier\Documents\MasterThesis\Graphs\ComputerVision\BVZ-venus\BVZ-venus7.max;Dinic;10.2379
D:\Users\Beier\Documents\MasterThesis\Graphs\ComputerVision\BVZ-venus\BVZ-venus7.max;Dinic;10.213
D:\Users\Beier\Documents\MasterThesis\Graphs\ComputerVision\BVZ-venus\BVZ-venus7.max;Dinic;10.2508
D:\Users\Beier\Documents\MasterThesis\Graphs\ComputerVision\BVZ-sawtooth\BVZ-sawtooth8.max;Dinic;4.61559
D:\Users\Beier\Documents\MasterThesis\Graphs\ComputerVision\BVZ-sawtooth\BVZ-sawtooth8.max;Dinic;4.60852
D:\Users\Beier\Documents\MasterThesis\Graphs\ComputerVision\BVZ-sawtooth\BVZ-sawtooth8.max;Dinic;4.60511
D:\Users\Beier\Documents\MasterThesis\Graphs\ComputerVision\BVZ-venus\BVZ-venus5.max;Dinic;3.8586
D:\Users\Beier\Documents\MasterThesis\Graphs\ComputerVision\BVZ-venus\BVZ-venus5.max;Dinic;3.85594
D:\Users\Beier\Documents\MasterThesis\Graphs\ComputerVision\BVZ-venus\BVZ-venus5.max;Dinic;3.8504
D:\Users\Beier\Documents\MasterThesis\Graphs\ComputerVision\BVZ-sawtooth\BVZ-sawtooth14.max;Dinic;2.82001
D:\Users\Beier\Documents\MasterThesis\Graphs\ComputerVision\BVZ-sawtooth\BVZ-sawtooth14.max;Dinic;2.83316
D:\Users\Beier\Documents\MasterThesis\Graphs\ComputerVision\BVZ-sawtooth\BVZ-sawtooth14.max;Dinic;2.82827
D:\Users\Beier\Documents\MasterThesis\Graphs\ComputerVision\BVZ-venus\BVZ-venus12.max;Dinic;4.66418
D:\Users\Beier\Documents\MasterThesis\Graphs\ComputerVision\BVZ-venus\BVZ-venus12.max;Dinic;4.65002
D:\Users\Beier\Documents\MasterThesis\Graphs\ComputerVision\BVZ-venus\BVZ-venus12.max;Dinic;4.69054
D:\Users\Beier\Documents\MasterThesis\Graphs\ComputerVision\BVZ-venus\BVZ-venus11.max;Dinic;2.44598
D:\Users\Beier\Documents\MasterThesis\Graphs\ComputerVision\BVZ-venus\BVZ-venus11.max;Dinic;2.44419
D:\Users\Beier\Documents\MasterThesis\Graphs\ComputerVision\BVZ-venus\BVZ-venus11.max;Dinic;2.44368
D:\Users\Beier\Documents\MasterThesis\Graphs\ComputerVision\BVZ-venus\BVZ-venus13.max;Dinic;1.58869
D:\Users\Beier\Documents\MasterThesis\Graphs\ComputerVision\BVZ-venus\BVZ-venus13.max;Dinic;1.59167
D:\Users\Beier\Documents\MasterThesis\Graphs\ComputerVision\BVZ-venus\BVZ-venus13.max;Dinic;1.59055
D:\Users\Beier\Documents\MasterThesis\Graphs\ComputerVision\BVZ-venus\BVZ-venus8.max;Dinic;9.50945
D:\Users\Beier\Documents\MasterThesis\Graphs\ComputerVision\BVZ-venus\BVZ-venus8.max;Dinic;9.48736
D:\Users\Beier\Documents\MasterThesis\Graphs\ComputerVision\BVZ-venus\BVZ-venus8.max;Dinic;9.49212
D:\Users\Beier\Documents\MasterThesis\Graphs\ComputerVision\BVZ-sawtooth\BVZ-sawtooth16.max;Dinic;3.49905
D:\Users\Beier\Documents\MasterThesis\Graphs\ComputerVision\BVZ-sawtooth\BVZ-sawtooth16.max;Dinic;3.49769
D:\Users\Beier\Documents\MasterThesis\Graphs\ComputerVision\BVZ-sawtooth\BVZ-sawtooth16.max;Dinic;3.51575
D:\Users\Beier\Documents\MasterThesis\Graphs\ComputerVision\BVZ-venus\BVZ-venus10.max;Dinic;6.4477
D:\Users\Beier\Documents\MasterThesis\Graphs\ComputerVision\BVZ-venus\BVZ-venus10.max;Dinic;6.42872
D:\Users\Beier\Documents\MasterThesis\Graphs\ComputerVision\BVZ-venus\BVZ-venus10.max;Dinic;6.43778
D:\Users\Beier\Documents\MasterThesis\Graphs\ComputerVision\BVZ-sawtooth\BVZ-sawtooth12.max;Dinic;2.23806
D:\Users\Beier\Documents\MasterThesis\Graphs\ComputerVision\BVZ-sawtooth\BVZ-sawtooth12.max;Dinic;2.2477
D:\Users\Beier\Documents\MasterThesis\Graphs\ComputerVision\BVZ-sawtooth\BVZ-sawtooth12.max;Dinic;2.23435
D:\Users\Beier\Documents\MasterThesis\Graphs\ComputerVision\BVZ-sawtooth\BVZ-sawtooth11.max;Dinic;1.72524
D:\Users\Beier\Documents\MasterThesis\Graphs\ComputerVision\BVZ-sawtooth\BVZ-sawtooth11.max;Dinic;1.72504
D:\Users\Beier\Documents\MasterThesis\Graphs\ComputerVision\BVZ-sawtooth\BVZ-sawtooth11.max;Dinic;1.72429
D:\Users\Beier\Documents\MasterThesis\Graphs\ComputerVision\BVZ-venus\BVZ-venus9.max;Dinic;7.69595
D:\Users\Beier\Documents\MasterThesis\Graphs\ComputerVision\BVZ-venus\BVZ-venus9.max;Dinic;7.69531
D:\Users\Beier\Documents\MasterThesis\Graphs\ComputerVision\BVZ-venus\BVZ-venus9.max;Dinic;7.71725
D:\Users\Beier\Documents\MasterThesis\Graphs\ComputerVision\BVZ-venus\BVZ-venus4.max;Dinic;2.34629
D:\Users\Beier\Documents\MasterThesis\Graphs\ComputerVision\BVZ-venus\BVZ-venus4.max;Dinic;2.34252
D:\Users\Beier\Documents\MasterThesis\Graphs\ComputerVision\BVZ-venus\BVZ-venus4.max;Dinic;2.34048
D:\Users\Beier\Documents\MasterThesis\Graphs\ComputerVision\BVZ-venus\BVZ-venus14.max;Dinic;6.32773
D:\Users\Beier\Documents\MasterThesis\Graphs\ComputerVision\BVZ-venus\BVZ-venus14.max;Dinic;6.33788
D:\Users\Beier\Documents\MasterThesis\Graphs\ComputerVision\BVZ-venus\BVZ-venus14.max;Dinic;6.33327
D:\Users\Beier\Documents\MasterThesis\Graphs\ComputerVision\BVZ-sawtooth\BVZ-sawtooth4.max;Dinic;3.00499
D:\Users\Beier\Documents\MasterThesis\Graphs\ComputerVision\BVZ-sawtooth\BVZ-sawtooth4.max;Dinic;3.00933
D:\Users\Beier\Documents\MasterThesis\Graphs\ComputerVision\BVZ-sawtooth\BVZ-sawtooth4.max;Dinic;3.00619
D:\Users\Beier\Documents\MasterThesis\Graphs\ComputerVision\BVZ-sawtooth\BVZ-sawtooth6.max;Dinic;1.12056
D:\Users\Beier\Documents\MasterThesis\Graphs\ComputerVision\BVZ-sawtooth\BVZ-sawtooth6.max;Dinic;1.12183
D:\Users\Beier\Documents\MasterThesis\Graphs\ComputerVision\BVZ-sawtooth\BVZ-sawtooth6.max;Dinic;1.1198
D:\Users\Beier\Documents\MasterThesis\Graphs\ComputerVision\BVZ-sawtooth\BVZ-sawtooth7.max;Dinic;3.60368
D:\Users\Beier\Documents\MasterThesis\Graphs\ComputerVision\BVZ-sawtooth\BVZ-sawtooth7.max;Dinic;3.61202
D:\Users\Beier\Documents\MasterThesis\Graphs\ComputerVision\BVZ-sawtooth\BVZ-sawtooth7.max;Dinic;3.61919
D:\Users\Beier\Documents\MasterThesis\Graphs\ComputerVision\BVZ-sawtooth\BVZ-sawtooth15.max;Dinic;2.46363
D:\Users\Beier\Documents\MasterThesis\Graphs\ComputerVision\BVZ-sawtooth\BVZ-sawtooth15.max;Dinic;2.46285
D:\Users\Beier\Documents\MasterThesis\Graphs\ComputerVision\BVZ-sawtooth\BVZ-sawtooth15.max;Dinic;2.45629
D:\Users\Beier\Documents\MasterThesis\Graphs\ComputerVision\BVZ-sawtooth\BVZ-sawtooth10.max;Dinic;2.07719
D:\Users\Beier\Documents\MasterThesis\Graphs\ComputerVision\BVZ-sawtooth\BVZ-sawtooth10.max;Dinic;2.07987
D:\Users\Beier\Documents\MasterThesis\Graphs\ComputerVision\BVZ-sawtooth\BVZ-sawtooth10.max;Dinic;2.0742
D:\Users\Beier\Documents\MasterThesis\Graphs\ComputerVision\BVZ-venus\BVZ-venus16.max;Dinic;5.00701
D:\Users\Beier\Documents\MasterThesis\Graphs\ComputerVision\BVZ-venus\BVZ-venus16.max;Dinic;5.0147
D:\Users\Beier\Documents\MasterThesis\Graphs\ComputerVision\BVZ-venus\BVZ-venus16.max;Dinic;5.0096
D:\Users\Beier\Documents\MasterThesis\Graphs\ComputerVision\BVZ-venus\BVZ-venus15.max;Dinic;1.2455
D:\Users\Beier\Documents\MasterThesis\Graphs\ComputerVision\BVZ-venus\BVZ-venus15.max;Dinic;1.24501
D:\Users\Beier\Documents\MasterThesis\Graphs\ComputerVision\BVZ-venus\BVZ-venus15.max;Dinic;1.24743
D:\Users\Beier\Documents\MasterThesis\Graphs\ComputerVision\BVZ-venus\BVZ-venus3.max;Dinic;9.23612
D:\Users\Beier\Documents\MasterThesis\Graphs\ComputerVision\BVZ-venus\BVZ-venus3.max;Dinic;9.26304
D:\Users\Beier\Documents\MasterThesis\Graphs\ComputerVision\BVZ-venus\BVZ-venus3.max;Dinic;9.24442
D:\Users\Beier\Documents\MasterThesis\Graphs\ComputerVision\BVZ-venus\BVZ-venus2.max;Dinic;1.64923
D:\Users\Beier\Documents\MasterThesis\Graphs\ComputerVision\BVZ-venus\BVZ-venus2.max;Dinic;1.65033
D:\Users\Beier\Documents\MasterThesis\Graphs\ComputerVision\BVZ-venus\BVZ-venus2.max;Dinic;1.64491
D:\Users\Beier\Documents\MasterThesis\Graphs\ComputerVision\BVZ-sawtooth\BVZ-sawtooth13.max;Dinic;1.24277
D:\Users\Beier\Documents\MasterThesis\Graphs\ComputerVision\BVZ-sawtooth\BVZ-sawtooth13.max;Dinic;1.2474
D:\Users\Beier\Documents\MasterThesis\Graphs\ComputerVision\BVZ-sawtooth\BVZ-sawtooth13.max;Dinic;1.24681
D:\Users\Beier\Documents\MasterThesis\Graphs\ComputerVision\BVZ-venus\BVZ-venus6.max;Dinic;2.97809
D:\Users\Beier\Documents\MasterThesis\Graphs\ComputerVision\BVZ-venus\BVZ-venus6.max;Dinic;2.99016
D:\Users\Beier\Documents\MasterThesis\Graphs\ComputerVision\BVZ-venus\BVZ-venus6.max;Dinic;2.97691
D:\Users\Beier\Documents\MasterThesis\Graphs\ComputerVision\BVZ-venus\BVZ-venus17.max;Dinic;3.04968
D:\Users\Beier\Documents\MasterThesis\Graphs\ComputerVision\BVZ-venus\BVZ-venus17.max;Dinic;3.04147
D:\Users\Beier\Documents\MasterThesis\Graphs\ComputerVision\BVZ-venus\BVZ-venus17.max;Dinic;3.03874
D:\Users\Beier\Documents\MasterThesis\Graphs\ComputerVision\BVZ-sawtooth\BVZ-sawtooth9.max;Dinic;1.35125
D:\Users\Beier\Documents\MasterThesis\Graphs\ComputerVision\BVZ-sawtooth\BVZ-sawtooth9.max;Dinic;1.35203
D:\Users\Beier\Documents\MasterThesis\Graphs\ComputerVision\BVZ-sawtooth\BVZ-sawtooth9.max;Dinic;1.35229
D:\Users\Beier\Documents\MasterThesis\Graphs\ComputerVision\BVZ-venus\BVZ-venus1.max;Dinic;1.127
D:\Users\Beier\Documents\MasterThesis\Graphs\ComputerVision\BVZ-venus\BVZ-venus1.max;Dinic;1.1283
D:\Users\Beier\Documents\MasterThesis\Graphs\ComputerVision\BVZ-venus\BVZ-venus1.max;Dinic;1.12647
D:\Users\Beier\Documents\MasterThesis\Graphs\ComputerVision\BVZ-sawtooth\BVZ-sawtooth18.max;Dinic;2.92101
D:\Users\Beier\Documents\MasterThesis\Graphs\ComputerVision\BVZ-sawtooth\BVZ-sawtooth18.max;Dinic;2.96744
D:\Users\Beier\Documents\MasterThesis\Graphs\ComputerVision\BVZ-sawtooth\BVZ-sawtooth18.max;Dinic;2.89841
D:\Users\Beier\Documents\MasterThesis\Graphs\ComputerVision\BVZ-sawtooth\BVZ-sawtooth5.max;Dinic;3.16979
D:\Users\Beier\Documents\MasterThesis\Graphs\ComputerVision\BVZ-sawtooth\BVZ-sawtooth5.max;Dinic;3.16974
D:\Users\Beier\Documents\MasterThesis\Graphs\ComputerVision\BVZ-sawtooth\BVZ-sawtooth5.max;Dinic;3.17401
D:\Users\Beier\Documents\MasterThesis\Graphs\ComputerVision\BVZ-sawtooth\BVZ-sawtooth3.max;Dinic;5.8216
D:\Users\Beier\Documents\MasterThesis\Graphs\ComputerVision\BVZ-sawtooth\BVZ-sawtooth3.max;Dinic;5.82294
D:\Users\Beier\Documents\MasterThesis\Graphs\ComputerVision\BVZ-sawtooth\BVZ-sawtooth3.max;Dinic;5.82988
D:\Users\Beier\Documents\MasterThesis\Graphs\ComputerVision\BVZ-sawtooth\BVZ-sawtooth19.max;Dinic;0.618529
D:\Users\Beier\Documents\MasterThesis\Graphs\ComputerVision\BVZ-sawtooth\BVZ-sawtooth19.max;Dinic;0.617688
D:\Users\Beier\Documents\MasterThesis\Graphs\ComputerVision\BVZ-sawtooth\BVZ-sawtooth19.max;Dinic;0.61589
D:\Users\Beier\Documents\MasterThesis\Graphs\ComputerVision\BVZ-venus\BVZ-venus18.max;Dinic;2.31611
D:\Users\Beier\Documents\MasterThesis\Graphs\ComputerVision\BVZ-venus\BVZ-venus18.max;Dinic;2.31578
D:\Users\Beier\Documents\MasterThesis\Graphs\ComputerVision\BVZ-venus\BVZ-venus18.max;Dinic;2.31303
D:\Users\Beier\Documents\MasterThesis\Graphs\ComputerVision\BVZ-venus\BVZ-venus0.max;Dinic;2.11244
D:\Users\Beier\Documents\MasterThesis\Graphs\ComputerVision\BVZ-venus\BVZ-venus0.max;Dinic;2.12672
D:\Users\Beier\Documents\MasterThesis\Graphs\ComputerVision\BVZ-venus\BVZ-venus0.max;Dinic;2.13073
D:\Users\Beier\Documents\MasterThesis\Graphs\ComputerVision\BVZ-sawtooth\BVZ-sawtooth1.max;Dinic;1.19286
D:\Users\Beier\Documents\MasterThesis\Graphs\ComputerVision\BVZ-sawtooth\BVZ-sawtooth1.max;Dinic;1.19503
D:\Users\Beier\Documents\MasterThesis\Graphs\ComputerVision\BVZ-sawtooth\BVZ-sawtooth1.max;Dinic;1.19423
D:\Users\Beier\Documents\MasterThesis\Graphs\ComputerVision\BVZ-sawtooth\BVZ-sawtooth2.max;Dinic;1.49828
D:\Users\Beier\Documents\MasterThesis\Graphs\ComputerVision\BVZ-sawtooth\BVZ-sawtooth2.max;Dinic;1.49832
D:\Users\Beier\Documents\MasterThesis\Graphs\ComputerVision\BVZ-sawtooth\BVZ-sawtooth2.max;Dinic;1.49785
D:\Users\Beier\Documents\MasterThesis\Graphs\ComputerVision\BVZ-sawtooth\BVZ-sawtooth0.max;Dinic;1.26669
D:\Users\Beier\Documents\MasterThesis\Graphs\ComputerVision\BVZ-sawtooth\BVZ-sawtooth0.max;Dinic;1.26558
D:\Users\Beier\Documents\MasterThesis\Graphs\ComputerVision\BVZ-sawtooth\BVZ-sawtooth0.max;Dinic;1.26501
D:\Users\Beier\Documents\MasterThesis\Graphs\ComputerVision\BVZ-venus\BVZ-venus20.max;Dinic;0.913266
D:\Users\Beier\Documents\MasterThesis\Graphs\ComputerVision\BVZ-venus\BVZ-venus20.max;Dinic;0.91446
D:\Users\Beier\Documents\MasterThesis\Graphs\ComputerVision\BVZ-venus\BVZ-venus20.max;Dinic;0.911493
D:\Users\Beier\Documents\MasterThesis\Graphs\ComputerVision\BVZ-venus\BVZ-venus21.max;Dinic;0.69127
D:\Users\Beier\Documents\MasterThesis\Graphs\ComputerVision\BVZ-venus\BVZ-venus21.max;Dinic;0.692762
D:\Users\Beier\Documents\MasterThesis\Graphs\ComputerVision\BVZ-venus\BVZ-venus21.max;Dinic;0.692078
D:\Users\Beier\Documents\MasterThesis\Graphs\ComputerVision\BVZ-sawtooth\BVZ-sawtooth17.max;Dinic;0.00541965
D:\Users\Beier\Documents\MasterThesis\Graphs\ComputerVision\BVZ-sawtooth\BVZ-sawtooth17.max;Dinic;0.00542731
D:\Users\Beier\Documents\MasterThesis\Graphs\ComputerVision\BVZ-sawtooth\BVZ-sawtooth17.max;Dinic;0.00545263
D:\Users\Beier\Documents\MasterThesis\Graphs\ComputerVision\BVZ-venus\BVZ-venus19.max;Dinic;0.00549661
D:\Users\Beier\Documents\MasterThesis\Graphs\ComputerVision\BVZ-venus\BVZ-venus19.max;Dinic;0.00547562
D:\Users\Beier\Documents\MasterThesis\Graphs\ComputerVision\BVZ-venus\BVZ-venus19.max;Dinic;0.00540899
D:\Users\Beier\Documents\MasterThesis\Graphs\ComputerVision\KZ2-tsukuba\KZ2-tsukuba9.max;Dinic;1.1679
D:\Users\Beier\Documents\MasterThesis\Graphs\ComputerVision\KZ2-tsukuba\KZ2-tsukuba9.max;Dinic;1.16916
D:\Users\Beier\Documents\MasterThesis\Graphs\ComputerVision\KZ2-tsukuba\KZ2-tsukuba9.max;Dinic;1.16814
D:\Users\Beier\Documents\MasterThesis\Graphs\ComputerVision\KZ2-tsukuba\KZ2-tsukuba1.max;Dinic;3.18605
D:\Users\Beier\Documents\MasterThesis\Graphs\ComputerVision\KZ2-tsukuba\KZ2-tsukuba1.max;Dinic;3.19007
D:\Users\Beier\Documents\MasterThesis\Graphs\ComputerVision\KZ2-tsukuba\KZ2-tsukuba1.max;Dinic;3.1857
D:\Users\Beier\Documents\MasterThesis\Graphs\ComputerVision\KZ2-tsukuba\KZ2-tsukuba10.max;Dinic;6.71366
D:\Users\Beier\Documents\MasterThesis\Graphs\ComputerVision\KZ2-tsukuba\KZ2-tsukuba10.max;Dinic;6.5986
D:\Users\Beier\Documents\MasterThesis\Graphs\ComputerVision\KZ2-tsukuba\KZ2-tsukuba10.max;Dinic;6.7033
D:\Users\Beier\Documents\MasterThesis\Graphs\ComputerVision\KZ2-tsukuba\KZ2-tsukuba6.max;Dinic;1.99534
D:\Users\Beier\Documents\MasterThesis\Graphs\ComputerVision\KZ2-tsukuba\KZ2-tsukuba6.max;Dinic;1.99619
D:\Users\Beier\Documents\MasterThesis\Graphs\ComputerVision\KZ2-tsukuba\KZ2-tsukuba6.max;Dinic;1.99732
D:\Users\Beier\Documents\MasterThesis\Graphs\ComputerVision\KZ2-tsukuba\KZ2-tsukuba5.max;Dinic;4.68929
D:\Users\Beier\Documents\MasterThesis\Graphs\ComputerVision\KZ2-tsukuba\KZ2-tsukuba5.max;Dinic;4.72706
D:\Users\Beier\Documents\MasterThesis\Graphs\ComputerVision\KZ2-tsukuba\KZ2-tsukuba5.max;Dinic;4.68638
D:\Users\Beier\Documents\MasterThesis\Graphs\ComputerVision\KZ2-sawtooth\KZ2-sawtooth13.max;Dinic;2.0314
D:\Users\Beier\Documents\MasterThesis\Graphs\ComputerVision\KZ2-sawtooth\KZ2-sawtooth13.max;Dinic;2.03099
D:\Users\Beier\Documents\MasterThesis\Graphs\ComputerVision\KZ2-sawtooth\KZ2-sawtooth13.max;Dinic;2.03456
D:\Users\Beier\Documents\MasterThesis\Graphs\ComputerVision\KZ2-tsukuba\KZ2-tsukuba8.max;Dinic;2.91816
D:\Users\Beier\Documents\MasterThesis\Graphs\ComputerVision\KZ2-tsukuba\KZ2-tsukuba8.max;Dinic;2.91456
D:\Users\Beier\Documents\MasterThesis\Graphs\ComputerVision\KZ2-tsukuba\KZ2-tsukuba8.max;Dinic;2.90878
D:\Users\Beier\Documents\MasterThesis\Graphs\ComputerVision\KZ2-tsukuba\KZ2-tsukuba14.max;Dinic;1.828
D:\Users\Beier\Documents\MasterThesis\Graphs\ComputerVision\KZ2-tsukuba\KZ2-tsukuba14.max;Dinic;1.83443
D:\Users\Beier\Documents\MasterThesis\Graphs\ComputerVision\KZ2-tsukuba\KZ2-tsukuba14.max;Dinic;1.83438
D:\Users\Beier\Documents\MasterThesis\Graphs\ComputerVision\KZ2-tsukuba\KZ2-tsukuba15.max;Dinic;1.07513
D:\Users\Beier\Documents\MasterThesis\Graphs\ComputerVision\KZ2-tsukuba\KZ2-tsukuba15.max;Dinic;1.07874
D:\Users\Beier\Documents\MasterThesis\Graphs\ComputerVision\KZ2-tsukuba\KZ2-tsukuba15.max;Dinic;1.075
D:\Users\Beier\Documents\MasterThesis\Graphs\ComputerVision\KZ2-tsukuba\KZ2-tsukuba11.max;Dinic;5.72543
D:\Users\Beier\Documents\MasterThesis\Graphs\ComputerVision\KZ2-tsukuba\KZ2-tsukuba11.max;Dinic;5.73491
D:\Users\Beier\Documents\MasterThesis\Graphs\ComputerVision\KZ2-tsukuba\KZ2-tsukuba11.max;Dinic;5.72218
D:\Users\Beier\Documents\MasterThesis\Graphs\ComputerVision\KZ2-tsukuba\KZ2-tsukuba12.max;Dinic;1.76249
D:\Users\Beier\Documents\MasterThesis\Graphs\ComputerVision\KZ2-tsukuba\KZ2-tsukuba12.max;Dinic;1.77621
D:\Users\Beier\Documents\MasterThesis\Graphs\ComputerVision\KZ2-tsukuba\KZ2-tsukuba12.max;Dinic;1.77462
D:\Users\Beier\Documents\MasterThesis\Graphs\ComputerVision\KZ2-tsukuba\KZ2-tsukuba4.max;Dinic;10.6365
D:\Users\Beier\Documents\MasterThesis\Graphs\ComputerVision\KZ2-tsukuba\KZ2-tsukuba4.max;Dinic;10.6792
D:\Users\Beier\Documents\MasterThesis\Graphs\ComputerVision\KZ2-tsukuba\KZ2-tsukuba4.max;Dinic;10.6336
D:\Users\Beier\Documents\MasterThesis\Graphs\ComputerVision\KZ2-tsukuba\KZ2-tsukuba2.max;Dinic;6.95875
D:\Users\Beier\Documents\MasterThesis\Graphs\ComputerVision\KZ2-tsukuba\KZ2-tsukuba2.max;Dinic;6.97459
D:\Users\Beier\Documents\MasterThesis\Graphs\ComputerVision\KZ2-tsukuba\KZ2-tsukuba2.max;Dinic;6.97013
D:\Users\Beier\Documents\MasterThesis\Graphs\ComputerVision\KZ2-tsukuba\KZ2-tsukuba7.max;Dinic;3.04335
D:\Users\Beier\Documents\MasterThesis\Graphs\ComputerVision\KZ2-tsukuba\KZ2-tsukuba7.max;Dinic;3.05055
D:\Users\Beier\Documents\MasterThesis\Graphs\ComputerVision\KZ2-tsukuba\KZ2-tsukuba7.max;Dinic;3.04122
D:\Users\Beier\Documents\MasterThesis\Graphs\ComputerVision\KZ2-tsukuba\KZ2-tsukuba0.max;Dinic;6.72304
D:\Users\Beier\Documents\MasterThesis\Graphs\ComputerVision\KZ2-tsukuba\KZ2-tsukuba0.max;Dinic;6.74894
